MacBook Air 2018,69000,Кремлёвская,https://www.avito.ru/kazan/noutbuki/macbook_air_2018_1993158152
Macbook pro 13 2017,62000,Площадь Тукая,https://www.avito.ru/kazan/noutbuki/macbook_pro_13_2017_1998119684
MacBook Air 13 2017 Новый,50000,Козья Слобода,https://www.avito.ru/kazan/noutbuki/macbook_air_13_2017_novyy_2026857097
MacBook Air 13 2013,29753,Яшьлек,https://www.avito.ru/kazan/noutbuki/macbook_air_13_2013_1998687640
Apple macbook pro 13 2018,95000,Суконная слобода,https://www.avito.ru/kazan/noutbuki/apple_macbook_pro_13_2018_1991956614
Apple MacBook Pro / Air,61990,Козья Слобода,https://www.avito.ru/kazan/noutbuki/apple_macbook_pro_air_1085729614
Macbook Pro 13 2018 на гарантии,83000,Площадь Тукая,https://www.avito.ru/kazan/noutbuki/macbook_pro_13_2018_na_garantii_1989609817
MacBook Pro Retina 2017 13 in 3.5 Ghz 16GB 512 GB,55000,Проспект Победы,https://www.avito.ru/kazan/noutbuki/macbook_pro_retina_2017_13_in_3.5_ghz_16gb_512_gb_1998391518
Apple MacBook Pro,18500,Дубравная,https://www.avito.ru/kazan/noutbuki/apple_macbook_pro_2003893461
Apple MacBook Air,28000,Козья Слобода,https://www.avito.ru/kazan/noutbuki/apple_macbook_air_1997583480
"MacBook Air Gold (Retina, 13-inch, 2018)",69990,Площадь Тукая,https://www.avito.ru/kazan/noutbuki/macbook_air_gold_retina_13-inch_2018_2012825147
MacBook 12 (early 2015),50000,Площадь Тукая,https://www.avito.ru/kazan/noutbuki/macbook_12_early_2015_1989657416
MacBook Air 2019 gold,66000,Проспект Победы,https://www.avito.ru/kazan/noutbuki/macbook_air_2019_gold_1999233546
"Macbook pro 13 2020 2Ghz, 16 Gb, 512 ssd, silver",140000,Суконная слобода,https://www.avito.ru/kazan/noutbuki/macbook_pro_13_2020_2ghz_16_gb_512_ssd_silver_1987818201
MacBook Pro 13 mpxv2,78000,Кремлёвская,https://www.avito.ru/kazan/noutbuki/macbook_pro_13_mpxv2_1984357853
Macbook Air 13 Mid 2011,33000,Козья Слобода,https://www.avito.ru/kazan/noutbuki/macbook_air_13_mid_2011_900416107
MacBook Pro 13” 2014,49500,р-н Кировский,https://www.avito.ru/kazan/noutbuki/macbook_pro_13_2014_1951624145
"MacBook Pro 13.3"" i5/8Гб/256Гб Pre Retina",37990,Проспект Победы,https://www.avito.ru/kazan/noutbuki/macbook_pro_13.3_i58gb256gb_pre_retina_1788157583
MacBook Pro 13 mid 2014,40000,Козья Слобода,https://www.avito.ru/kazan/noutbuki/macbook_pro_13_mid_2014_2004290525
"Macbook Pro 13"" 2015 256GB",60000,Проспект Победы,https://www.avito.ru/kazan/noutbuki/macbook_pro_13_2015_256gb_1686081798
"MacBook Pro 13 early 2013, samsung на запчасти",16000,Горки,https://www.avito.ru/kazan/noutbuki/macbook_pro_13_early_2013_samsung_na_zapchasti_1855624505
MacBook Air 128 Gb,40000,Площадь Тукая,https://www.avito.ru/kazan/noutbuki/macbook_air_128_gb_2001939032
Macbook air 13’’ 2012 i5 4Gb 128ssd,25000,Кремлёвская,https://www.avito.ru/kazan/noutbuki/macbook_air_13_2012_i5_4gb_128ssd_1969034406
MacBook Pro Pre Retina i5/8 Гб/256Гб/1.5Gb 2015,33000,Площадь Тукая,https://www.avito.ru/kazan/noutbuki/macbook_pro_pre_retina_i58_gb256gb1.5gb_2015_1246859006
"MacBook Pro 2018 - 128, 5 состояние",79000,Козья Слобода,https://www.avito.ru/kazan/noutbuki/macbook_pro_2018_-_128_5_sostoyanie_1977358644
Macbook pro 13,171000,Проспект Победы,https://www.avito.ru/kazan/noutbuki/macbook_pro_13_1995104766
Apple MacBook Air,17000,Кремлёвская,https://www.avito.ru/kazan/noutbuki/apple_macbook_air_2010383415
MacBook Air 11 2013,24000,р-н Советский,https://www.avito.ru/kazan/noutbuki/macbook_air_11_2013_2009491135
Apple MacBook Air 13 Retina Серебристый 2020 новый,80800,Кремлёвская,https://www.avito.ru/kazan/noutbuki/apple_macbook_air_13_retina_serebristyy_2020_novyy_2001660848
MacBook Pro 15 2018 Touch Bar ростест,120000,Площадь Тукая,https://www.avito.ru/kazan/noutbuki/macbook_pro_15_2018_touch_bar_rostest_1989636822
Макбуки macbook оптом Air Pro Retina i5 i7,29999,Площадь Тукая,https://www.avito.ru/kazan/noutbuki/makbuki_macbook_optom_air_pro_retina_i5_i7_1916625424
Apple MacBook Pro 13” 2011,15000,Горки,https://www.avito.ru/kazan/noutbuki/apple_macbook_pro_13_2011_1907159073
MacBook Air,40000,р-н Советский,https://www.avito.ru/kazan/noutbuki/macbook_air_1970866873
"MacBook Pro 16GB RAM, 256GB, 13-inch, 2019",110999,,https://www.avito.ru/kazan/noutbuki/macbook_pro_16gb_ram_256gb_13-inch_2019_1992413566
Apple MacBook Air,38000,Авиастроительная,https://www.avito.ru/kazan/noutbuki/apple_macbook_air_1987657210
Apple MacBook Pro 13 touch bar куплен 2020,83000,Проспект Победы,https://www.avito.ru/kazan/noutbuki/apple_macbook_pro_13_touch_bar_kuplen_2020_1984351744
MacBook Pro 13 2010,17000,Кремлёвская,https://www.avito.ru/kazan/noutbuki/macbook_pro_13_2010_1964657478
MacBook air 2020,78200,Проспект Победы,https://www.avito.ru/kazan/noutbuki/macbook_air_2020_2002060949
MacBook Air 13' Early 2014,30000,Кремлёвская,https://www.avito.ru/kazan/noutbuki/macbook_air_13_early_2014_1898434794
MacBook Pro 2017 256 gb серебристый,70000,Суконная слобода,https://www.avito.ru/kazan/noutbuki/macbook_pro_2017_256_gb_serebristyy_1974983981
MacBook Air,50000,Суконная слобода,https://www.avito.ru/kazan/noutbuki/macbook_air_1965285446
Apple MacBook Pro 15 Retina i7,46900,Яшьлек,https://www.avito.ru/kazan/noutbuki/apple_macbook_pro_15_retina_i7_1991201256
"MacBook Pro 2015 15.4"" i7/16Gb/256Gb Супертоповый",89900,Площадь Тукая,https://www.avito.ru/kazan/noutbuki/macbook_pro_2015_15.4_i716gb256gb_supertopovyy_1441303535
MacBook Pro 13 2017 256 гб А1708 серый космос,71000,Суконная слобода,https://www.avito.ru/kazan/noutbuki/macbook_pro_13_2017_256_gb_a1708_seryy_kosmos_1975231680
MacBook Air 13 тонкий топовый i7 8gb ssd 256gb,43999,Площадь Тукая,https://www.avito.ru/kazan/noutbuki/macbook_air_13_tonkiy_topovyy_i7_8gb_ssd_256gb_1980375296
MacBook 12 Retina 2016,57000,Козья Слобода,https://www.avito.ru/kazan/noutbuki/macbook_12_retina_2016_2010611765
Apple MacBook Air,50000,Проспект Победы,https://www.avito.ru/kazan/noutbuki/apple_macbook_air_1995746393
MacBook Pro 13’ 2017 года,75000,,https://www.avito.ru/kazan/noutbuki/macbook_pro_13_2017_goda_2005074704
MacBook Pro 15,12000,р-н Советский,https://www.avito.ru/kazan/noutbuki/macbook_pro_15_1914194840
"MacBook Air 13"" i5/8GB/256SSD/2015",37500,Горки,https://www.avito.ru/kazan/noutbuki/macbook_air_13_i58gb256ssd2015_2002584557
MacBook Pro 15 2018 Touch Bar ростест,120000,Площадь Тукая,https://www.avito.ru/kazan/noutbuki/macbook_pro_15_2018_touch_bar_rostest_1989636822
MacBook Pro 2017,70000,Горки,https://www.avito.ru/kazan/noutbuki/macbook_pro_2017_1964815934
Apple MacBook,9000,Суконная слобода,https://www.avito.ru/kazan/noutbuki/apple_macbook_686272263
Apple MacBook Pro 15 Retina i7,49900,Яшьлек,https://www.avito.ru/kazan/noutbuki/apple_macbook_pro_15_retina_i7_1996829271
Macbook pro 15 2015,88000,Яшьлек,https://www.avito.ru/kazan/noutbuki/macbook_pro_15_2015_1991894885
Apple MacBook Pro,57000,Площадь Тукая,https://www.avito.ru/kazan/noutbuki/apple_macbook_pro_1987658796
Apple MacBook Pro 13 2015,27000,Площадь Тукая,https://www.avito.ru/kazan/noutbuki/apple_macbook_pro_13_2015_1958788004
Macbook pro 13 2017 года,70000,Площадь Тукая,https://www.avito.ru/kazan/noutbuki/macbook_pro_13_2017_goda_1781552438
MacBook 13 дюймов (середина 2010г.),20000,Дубравная,https://www.avito.ru/kazan/noutbuki/macbook_13_dyuymov_seredina_2010g._1272925335
Macbook pro late 2011,30000,Суконная слобода,https://www.avito.ru/kazan/noutbuki/macbook_pro_late_2011_1981208147
MacBook Pro 13 Mid 2012,30000,Проспект Победы,https://www.avito.ru/kazan/noutbuki/macbook_pro_13_mid_2012_1964774411
Apple MacBook 12,55000,Козья Слобода,https://www.avito.ru/kazan/noutbuki/apple_macbook_12_1964581619
Macbook Pro 13,47800,Кремлёвская,https://www.avito.ru/kazan/noutbuki/macbook_pro_13_2012323939
Macbook pro 15 mid 2015,65000,Козья Слобода,https://www.avito.ru/kazan/noutbuki/macbook_pro_15_mid_2015_1983004796
MacBook Pro 13 2018 i5/8gb/256/touch bar,92000,Северный вокзал,https://www.avito.ru/kazan/noutbuki/macbook_pro_13_2018_i58gb256touch_bar_2000777161
MacBook Air 13 2020,85500,Площадь Тукая,https://www.avito.ru/kazan/noutbuki/macbook_air_13_2020_1990357596
Macbook a1181,10000,Кремлёвская,https://www.avito.ru/kazan/noutbuki/macbook_a1181_1992736335
MacBook Air 13 (2017),54750,Суконная слобода,https://www.avito.ru/kazan/noutbuki/macbook_air_13_2017_1962829114
MacBook Pro 15 2019 i9/8 ядер/16gb/512 ssd Топовый,175000,Кремлёвская,https://www.avito.ru/kazan/noutbuki/macbook_pro_15_2019_i98_yader16gb512_ssd_topovyy_1962722978
Gold MacBook Air 13 256Гб 2018 в идеале,77000,Горки,https://www.avito.ru/kazan/noutbuki/gold_macbook_air_13_256gb_2018_v_ideale_1873506692
"Apple MacBook Pro (Retina, 13-inch, Early 2015)",55000,Площадь Тукая,https://www.avito.ru/kazan/noutbuki/apple_macbook_pro_retina_13-inch_early_2015_2000771024
Macbook Pro 13 MXK52LL,115000,Площадь Тукая,https://www.avito.ru/kazan/noutbuki/macbook_pro_13_mxk52ll_1978531661
MacBook Air 13 2019 8/128,69990,Кремлёвская,https://www.avito.ru/kazan/noutbuki/macbook_air_13_2019_8128_1943878218
MacBook Air gold,108000,Площадь Тукая,https://www.avito.ru/kazan/noutbuki/macbook_air_gold_2003254869
"MacBook Pro i5-1,4 GHz/13,3-Retina/Touch Bar/8Gb/S",99999,Яшьлек,https://www.avito.ru/kazan/noutbuki/macbook_pro_i5-14_ghz133-retinatouch_bar8gbs_1977888361
Apple MacBook Pro /Retina 15’ /2015 /торг+чехол,73000,Козья Слобода,https://www.avito.ru/kazan/noutbuki/apple_macbook_pro_retina_15_2015_torgchehol_1957981696
"MacBook Pro Retina 13.3 i5 2,7/8/256GB Early 2015",54000,Площадь Тукая,https://www.avito.ru/kazan/noutbuki/macbook_pro_retina_13.3_i5_278256gb_early_2015_1332367736
MacBook Air 13 2018 i5/8/128 с чехлом в идеале,45999,Площадь Тукая,https://www.avito.ru/kazan/noutbuki/macbook_air_13_2018_i58128_s_chehlom_v_ideale_1884785162
MacBook A1181,8800,Дубравная,https://www.avito.ru/kazan/noutbuki/macbook_a1181_1375829501
MacBook Pro 13 2019,85500,Кремлёвская,https://www.avito.ru/kazan/noutbuki/macbook_pro_13_2019_1966994634
Apple MacBook Pro,19000,р-н Советский,https://www.avito.ru/kazan/noutbuki/apple_macbook_pro_2013061971
Macbook pro 13 a1278,38000,Аметьево,https://www.avito.ru/kazan/noutbuki/macbook_pro_13_a1278_1978563652
MacBook Pro 13 2020 8GB256 SSD Touch Bar,109000,р-н Советский,https://www.avito.ru/kazan/noutbuki/macbook_pro_13_2020_8gb256_ssd_touch_bar_2008492511
Apple MacBook 12,26000,Аметьево,https://www.avito.ru/kazan/noutbuki/apple_macbook_12_2008114775
"MacBook Pro Retina 15.4"" i7/16/456Gb 750M 2Gb",89999,Площадь Тукая,https://www.avito.ru/kazan/noutbuki/macbook_pro_retina_15.4_i716456gb_750m_2gb_1202915622
MacBook 12 512gb,69499,Проспект Победы,https://www.avito.ru/kazan/noutbuki/macbook_12_512gb_1998803355
Apple MacBook Pro,95000,Яшьлек,https://www.avito.ru/kazan/noutbuki/apple_macbook_pro_2011070832
Apple MacBook Pro 13” 128gb 2018 + мышь обмен,60000,Козья Слобода,https://www.avito.ru/kazan/noutbuki/apple_macbook_pro_13_128gb_2018_mysh_obmen_1949939774
Продам MacBook PRO (Mid 2010),25000,Козья Слобода,https://www.avito.ru/kazan/noutbuki/prodam_macbook_pro_mid_2010_1992353316
Apple MacBook Air,45000,Кремлёвская,https://www.avito.ru/kazan/noutbuki/apple_macbook_air_1988939717
Apple MacBook Air 13” 2014,31990,Козья Слобода,https://www.avito.ru/kazan/noutbuki/apple_macbook_air_13_2014_2000354841
Apple MacBook Pro 13 - 256 Gb 2015 год,58000,Козья Слобода,https://www.avito.ru/kazan/noutbuki/apple_macbook_pro_13_-_256_gb_2015_god_1994298366
MacBook Pro Retina 15.4 i7/16Gb/256 SSD nvidia,90000,Площадь Тукая,https://www.avito.ru/kazan/noutbuki/macbook_pro_retina_15.4_i716gb256_ssd_nvidia_1311315552
Apple Macbook Pro 13' Retina (модель с Force Touch,52900,Проспект Победы,https://www.avito.ru/kazan/noutbuki/apple_macbook_pro_13_retina_model_s_force_touch_1982671184
Apple MacBook Pro,60000,Аметьево,https://www.avito.ru/kazan/noutbuki/apple_macbook_pro_1983479102
Apple MacBook Pro Retina 13,40000,Площадь Тукая,https://www.avito.ru/kazan/noutbuki/apple_macbook_pro_retina_13_2003568505
MacBook Pro Retina 15.4 i7/16/296 NV 2015 NV750M,84900,Площадь Тукая,https://www.avito.ru/kazan/noutbuki/macbook_pro_retina_15.4_i716296_nv_2015_nv750m_1034770339
"MacBook Pro Retina 2014 13.3""",55000,Площадь Тукая,https://www.avito.ru/kazan/noutbuki/macbook_pro_retina_2014_13.3_1537463888
Apple MacBook Pro 13 (полный комплект),95000,Яшьлек,https://www.avito.ru/kazan/noutbuki/apple_macbook_pro_13_polnyy_komplekt_2003650365
"MacBook Pro 15"" 2017 256Gb",115000,Кремлёвская,https://www.avito.ru/kazan/noutbuki/macbook_pro_15_2017_256gb_1987664956
Продаю MacBook Pro диагональ 45 см,26000,р-н Советский,https://www.avito.ru/kazan/noutbuki/prodayu_macbook_pro_diagonal_45_sm_1964623234
Apple MacBook Air Топовая версия i7/8Гб,42100,Площадь Тукая,https://www.avito.ru/kazan/noutbuki/apple_macbook_air_topovaya_versiya_i78gb_1135455945
Apple MacBook Pro 13’ 256gb 2015,59000,Козья Слобода,https://www.avito.ru/kazan/noutbuki/apple_macbook_pro_13_256gb_2015_1981224734
Новенький MacBook Air 1 год гарантии/Рассрочка,49990,Козья Слобода,https://www.avito.ru/kazan/noutbuki/novenkiy_macbook_air_1_god_garantiirassrochka_1988157622
Apple MacBook Pro 17’’,17000,Площадь Тукая,https://www.avito.ru/kazan/noutbuki/apple_macbook_pro_17_1992119537
Apple MacBook Air 2019 (Retina True Tone),67000,Горки,https://www.avito.ru/kazan/noutbuki/apple_macbook_air_2019_retina_true_tone_1963508079
MacBook Air 4Гб/272Гб 1.5Гб видео,35999,Площадь Тукая,https://www.avito.ru/kazan/noutbuki/macbook_air_4gb272gb_1.5gb_video_1598670681
Apple MacBook Pro 2019,93000,Суконная слобода,https://www.avito.ru/kazan/noutbuki/apple_macbook_pro_2019_2005861419
Apple MacBook Pro 13 256gb,99000,Площадь Тукая,https://www.avito.ru/kazan/noutbuki/apple_macbook_pro_13_256gb_1987103890
Apple MacBook Pro 2011,27900,Яшьлек,https://www.avito.ru/kazan/noutbuki/apple_macbook_pro_2011_2002193847
Apple MacBook Air 2008 a1237,8000,Яшьлек,https://www.avito.ru/kazan/noutbuki/apple_macbook_air_2008_a1237_2012081074
Apple MacBook Pro 13 2018 TouchBar Space Gray,95800,Площадь Тукая,https://www.avito.ru/kazan/noutbuki/apple_macbook_pro_13_2018_touchbar_space_gray_2003095526
"Apple MacBook Air 13-inch, 2017 128GB",45000,Суконная слобода,https://www.avito.ru/kazan/noutbuki/apple_macbook_air_13-inch_2017_128gb_1972555730
Apple MacBook Air 13 2019 i5/8/128,48999,Площадь Тукая,https://www.avito.ru/kazan/noutbuki/apple_macbook_air_13_2019_i58128_2012738383
Ноутбук MacBook Retina 13 i5/256gb/8gb,44999,Площадь Тукая,https://www.avito.ru/kazan/noutbuki/noutbuk_macbook_retina_13_i5256gb8gb_1980483320
Apple MacBook Pro a1229,4000,Площадь Тукая,https://www.avito.ru/kazan/noutbuki/apple_macbook_pro_a1229_1993240887
"Apple MacBook Pro 13,3 2020",96300,Суконная слобода,https://www.avito.ru/kazan/noutbuki/apple_macbook_pro_133_2020_2005846509
Apple MacBook pro 13 Retina 2019,102900,Кремлёвская,https://www.avito.ru/kazan/noutbuki/apple_macbook_pro_13_retina_2019_2005217358
Apple MacBook Air 13 2016 года i5/8/128 с гарантие,46999,Площадь Тукая,https://www.avito.ru/kazan/noutbuki/apple_macbook_air_13_2016_goda_i58128_s_garantie_2012245717
Apple MacBook Air 13 2018 Space Gray,71800,Площадь Тукая,https://www.avito.ru/kazan/noutbuki/apple_macbook_air_13_2018_space_gray_2003179604
Apple MacBook Pro 8.1 (ч40),25000,Козья Слобода,https://www.avito.ru/kazan/noutbuki/apple_macbook_pro_8.1_ch40_2002618600
MacBook Air мощный i5/4/128 2014,35900,Площадь Тукая,https://www.avito.ru/kazan/noutbuki/macbook_air_moschnyy_i54128_2014_1050943743
Apple MacBook Pro 15 Retina 2013,44000,Суконная слобода,https://www.avito.ru/kazan/noutbuki/apple_macbook_pro_15_retina_2013_1992801123
Apple MacBook Pro 15’ i7/16gb/ssd1024,60000,Площадь Тукая,https://www.avito.ru/kazan/noutbuki/apple_macbook_pro_15_i716gbssd1024_1990216162
Apple MacBook Air i5/4GB/256SSD/2014,31900,Горки,https://www.avito.ru/kazan/noutbuki/apple_macbook_air_i54gb256ssd2014_2002565921
Топовый Macbook Air 13.3 i7/8/256,45000,Площадь Тукая,https://www.avito.ru/kazan/noutbuki/topovyy_macbook_air_13.3_i78256_1326523730
MacBook Air 13,64500,Площадь Тукая,https://www.avito.ru/kazan/noutbuki/macbook_air_13_1530437469
"Apple MacBook Air 11"" б/у 4года",24000,Кремлёвская,https://www.avito.ru/kazan/noutbuki/apple_macbook_air_11_bu_4goda_876961480
Ноутбук MacBook Air 13 (mvfm2ll/a),78000,Площадь Тукая,https://www.avito.ru/kazan/noutbuki/noutbuk_macbook_air_13_mvfm2lla_1962940476
"Apple MacBook Pro 16"" 6 Core i7 2,6 ггц,16 гб,512",180990,Площадь Тукая,https://www.avito.ru/kazan/noutbuki/apple_macbook_pro_16_6_core_i7_26_ggts16_gb512_1995576322
Apple MacBook Pro 13 2020,158000,Площадь Тукая,https://www.avito.ru/kazan/noutbuki/apple_macbook_pro_13_2020_1976109862
"Легкий тонкий Apple MacBook Air 13.3"" i5/4/128",34990,Площадь Тукая,https://www.avito.ru/kazan/noutbuki/legkiy_tonkiy_apple_macbook_air_13.3_i54128_938185901
Apple MacBook Air A1932 Retina,65000,Площадь Тукая,https://www.avito.ru/kazan/noutbuki/apple_macbook_air_a1932_retina_1986056016
Apple MacBook Air 11 Early 2015,31800,Площадь Тукая,https://www.avito.ru/kazan/noutbuki/apple_macbook_air_11_early_2015_1971698191
Apple MacBook Pro 15,148000,Суконная слобода,https://www.avito.ru/kazan/noutbuki/apple_macbook_pro_15_2005294305
Apple MacBook Pro 13 2017 256,67000,Площадь Тукая,https://www.avito.ru/kazan/noutbuki/apple_macbook_pro_13_2017_256_1943817954
Apple Macbook PRO 17inch,49999,Кремлёвская,https://www.avito.ru/kazan/noutbuki/apple_macbook_pro_17inch_442893054
Apple MacBook Pro 13 2018 TouchBar Space Gray,99800,Площадь Тукая,https://www.avito.ru/kazan/noutbuki/apple_macbook_pro_13_2018_touchbar_space_gray_1971683037
Apple MacBook Pro 13 2018 TouchBar Space Gray,85500,Площадь Тукая,https://www.avito.ru/kazan/noutbuki/apple_macbook_pro_13_2018_touchbar_space_gray_2003372903
Apple MacBook Pro 15-inch,160000,р-н Советский,https://www.avito.ru/kazan/noutbuki/apple_macbook_pro_15-inch_2010164705
"Apple MacBook Air (Retina, 13-inch, 2018)",70000,Козья Слобода,https://www.avito.ru/kazan/noutbuki/apple_macbook_air_retina_13-inch_2018_1953421297
Apple MacBook 12 Retina 2017,59800,Площадь Тукая,https://www.avito.ru/kazan/noutbuki/apple_macbook_12_retina_2017_1907724024
Apple MacBook Pro Retina 15 Mid 2012 27/16GB/512,49900,Северный вокзал,https://www.avito.ru/kazan/noutbuki/apple_macbook_pro_retina_15_mid_2012_2716gb512_1923467210
Apple MacBook Pro 15 максимальная версия,180000,Козья Слобода,https://www.avito.ru/kazan/noutbuki/apple_macbook_pro_15_maksimalnaya_versiya_1931331475
Apple MacBook Pro 2012 i5/8гб/256 Кастом,35999,Площадь Тукая,https://www.avito.ru/kazan/noutbuki/apple_macbook_pro_2012_i58gb256_kastom_1132390632
Apple MacBook Pro 17 Late 2011,47800,Площадь Тукая,https://www.avito.ru/kazan/noutbuki/apple_macbook_pro_17_late_2011_1875137577
Apple MacBook Pro 15 Early 2013 Retina,54800,Площадь Тукая,https://www.avito.ru/kazan/noutbuki/apple_macbook_pro_15_early_2013_retina_1971281858
Apple MacBook Pro 15 Early 2013 Retina,54800,Площадь Тукая,https://www.avito.ru/kazan/noutbuki/apple_macbook_pro_15_early_2013_retina_1971281858
Apple MacBook Pro 13 2020 i5 1/4GHz/8Gb/256Gb SSD,113000,Козья Слобода,https://www.avito.ru/kazan/noutbuki/apple_macbook_pro_13_2020_i5_14ghz8gb256gb_ssd_1986738412
"Apple MacBook Air 11"" б/у 3 года",26500,Кремлёвская,https://www.avito.ru/kazan/noutbuki/apple_macbook_air_11_bu_3_goda_834166706
Retina MacBook Pro 15 i7/16/256 2014,74999,Площадь Тукая,https://www.avito.ru/kazan/noutbuki/retina_macbook_pro_15_i716256_2014_1884616879
Apple MacBook Air 13 2019,69800,Площадь Тукая,https://www.avito.ru/kazan/noutbuki/apple_macbook_air_13_2019_1971598865
Ультрабук macbook style,15000,Аметьево,https://www.avito.ru/kazan/noutbuki/ultrabuk_macbook_style_1693180203
Apple MacBook Air 13 2017 Core i5/8/128,46999,Проспект Победы,https://www.avito.ru/kazan/noutbuki/apple_macbook_air_13_2017_core_i58128_1852592530
Apple MacBook Pro 13.3 2019,154300,Горки,https://www.avito.ru/kazan/noutbuki/apple_macbook_pro_13.3_2019_2005597344
Apple MacBook Pro 13,130800,Суконная слобода,https://www.avito.ru/kazan/noutbuki/apple_macbook_pro_13_2005632825
Apple MacBook Air,60000,р-н Советский,https://www.avito.ru/kazan/noutbuki/apple_macbook_air_1903670796
Apple MacBook Pro i7/16/770Gb 2 видеокарты,89999,Площадь Тукая,https://www.avito.ru/kazan/noutbuki/apple_macbook_pro_i716770gb_2_videokarty_1293412498
Apple MacBook Pro 13 2018 TouchBar Space Gray,95800,Площадь Тукая,https://www.avito.ru/kazan/noutbuki/apple_macbook_pro_13_2018_touchbar_space_gray_1970929967
Apple MacBook Pro 13 with Retina,130799,Суконная слобода,https://www.avito.ru/kazan/noutbuki/apple_macbook_pro_13_with_retina_2005475643
"MacBookAir 13, 2011г., 128гб макбук",29000,Козья Слобода,https://www.avito.ru/kazan/noutbuki/macbookair_13_2011g._128gb_makbuk_2013756070
Супер Топовая версия MacBook Air i7/8/256 2015,47900,Площадь Тукая,https://www.avito.ru/kazan/noutbuki/super_topovaya_versiya_macbook_air_i78256_2015_1607909771
Apple MacBook Air 13 Late 2018,69800,Площадь Тукая,https://www.avito.ru/kazan/noutbuki/apple_macbook_air_13_late_2018_1970968158
"Топовый MacBook Air i5/8Гб/256Gb 13""",44900,Площадь Тукая,https://www.avito.ru/kazan/noutbuki/topovyy_macbook_air_i58gb256gb_13_1612643851
"Apple MacBook Air 13"" Quad Core i5 1,1 ггц, 8 гб",108990,Площадь Тукая,https://www.avito.ru/kazan/noutbuki/apple_macbook_air_13_quad_core_i5_11_ggts_8_gb_1995314351
Легкий тонкий Apple MacBook Air i5/4/128,32000,Площадь Тукая,https://www.avito.ru/kazan/noutbuki/legkiy_tonkiy_apple_macbook_air_i54128_1884086203
Ноутбук apple MacBook Pro15-inch,240000,Кремлёвская,https://www.avito.ru/kazan/noutbuki/noutbuk_apple_macbook_pro15-inch_1970061459
Тачпад MacBook Air a1465,1600,Козья Слобода,https://www.avito.ru/kazan/noutbuki/tachpad_macbook_air_a1465_1811883353
"Ноутбук Apple MacBook Pro 13 TB i5 2,4/8/256SSD SG",117000,р-н Советский,https://www.avito.ru/kazan/noutbuki/noutbuk_apple_macbook_pro_13_tb_i5_248256ssd_sg_1961545625
